Metric,Value
Mean Error,0.21864704248529562
Std Dev Error,1.2795002144577383
RMSE,1.294921916400783
Num Samples,202.0
