Metric,Value
Mean Error,-1.2593701265431128
Std Dev Error,6.427687621133199
RMSE,6.5390148473154905
Num Samples,290.0
