Metric,Value
Mean Error,-1.2133599063009652
Std Dev Error,6.380082428258326
RMSE,6.483657361085314
Num Samples,291.0
