Metric,Value
Mean Error,0.35561458915093475
Std Dev Error,1.1906431137282734
RMSE,1.2406467577208433
Num Samples,290.0
