Metric,Value
Mean Error,0.3592756695240359
Std Dev Error,1.1934456199185375
RMSE,1.2443861578790012
Num Samples,291.0
